<?xml version="1.0" encoding="UTF-8"?><CapabilityStatement xmlns="http://hl7.org/fhir"><id value="server"/><text><status value="generated"/><div xmlns="http://www.w3.org/1999/xhtml">
            <ul>
                <li>FHIR Version: 4.0.0</li>
                <li>Supported formats: xml, json</li>
                <li>Published: 2019-04-29</li>
                <li>Published by: Health eData Inc</li>
            </ul>
            <p>The Section describes the expected capabilities etc....</p>
        </div></text><url value="http://hl7.org/fhir/us/cdl/CapabilityStatement/server"/><version value="0.1.0"/><name value="Server"/><status value="draft"/><date value="2019-04-29T00:00:00-04:00"/><publisher value="Health eData Inc"/><contact><telecom><system value="other"/><value value="denney@lilly.com"/></telecom></contact><description value="This resource defines the expected capabilities "/><kind value="requirements"/><fhirVersion value="4.0.0"/><format value="xml"/><format value="json"/><rest><mode value="server"/><resource><type value="Basic"/><interaction><extension url="http://hl7.org/fhir/StructureDefinition/capabilitystatement-expectation"><valueCode value="SHOULD"/></extension><code value="search-type"/></interaction><interaction><extension url="http://hl7.org/fhir/StructureDefinition/capabilitystatement-expectation"><valueCode value="SHOULD"/></extension><code value="read"/></interaction><interaction><extension url="http://hl7.org/fhir/StructureDefinition/capabilitystatement-expectation"><valueCode value="SHOULD"/></extension><code value="history-instance"/></interaction><interaction><extension url="http://hl7.org/fhir/StructureDefinition/capabilitystatement-expectation"><valueCode value="SHOULD"/></extension><code value="vread"/></interaction></resource></rest></CapabilityStatement>