<?xml version="1.0" encoding="UTF-8"?><StructureDefinition xmlns="http://hl7.org/fhir"><id value="devicedefinition-crn"/><text><status value="generated"/><div xmlns="http://www.w3.org/1999/xhtml"><table border="0" cellpadding="0" cellspacing="0" style="border: 0px #F0F0F0 solid; font-size: 11px; font-family: verdana; vertical-align: top;"><tr style="border: 1px #F0F0F0 solid; font-size: 11px; font-family: verdana; vertical-align: top;"><th style="vertical-align: top; text-align : left; background-color: white; border: 0px #F0F0F0 solid; padding:0px 4px 0px 4px" class="hierarchy"><a href="http://hl7.org/fhir/formats.html#table" title="The logical name of the element">Name</a></th><th style="vertical-align: top; text-align : left; background-color: white; border: 0px #F0F0F0 solid; padding:0px 4px 0px 4px" class="hierarchy"><a href="http://hl7.org/fhir/formats.html#table" title="Information about the use of the element">Flags</a></th><th style="vertical-align: top; text-align : left; background-color: white; border: 0px #F0F0F0 solid; padding:0px 4px 0px 4px" class="hierarchy"><a href="http://hl7.org/fhir/formats.html#table" title="Minimum and Maximum # of times the the element can appear in the instance">Card.</a></th><th style="width: 100px" class="hierarchy"><a href="http://hl7.org/fhir/formats.html#table" title="Reference to the type of the element">Type</a></th><th style="vertical-align: top; text-align : left; background-color: white; border: 0px #F0F0F0 solid; padding:0px 4px 0px 4px" class="hierarchy"><a href="http://hl7.org/fhir/formats.html#table" title="Additional information about the element">Description &amp; Constraints</a><span style="float: right"><a href="http://hl7.org/fhir/formats.html#table" title="Legend for this format"><img src="http://hl7.org/fhir/help16.png" alt="doco" style="background-color: inherit"/></a></span></th></tr><tr style="border: 0px #F0F0F0 solid; padding:0px; vertical-align: top; background-color: white;"><td style="vertical-align: top; text-align : left; background-color: white; border: 0px #F0F0F0 solid; padding:0px 4px 0px 4px; white-space: nowrap; background-image: url(tbl_bck1.png)" class="hierarchy"><img src="tbl_spacer.png" alt="." style="background-color: inherit" class="hierarchy"/><img src="icon_element.gif" alt="." style="background-color: white; background-color: inherit" title="Element" class="hierarchy"/> <a href="StructureDefinition-devicedefinition-crn-definitions.html#DeviceDefinition" title="This is a CRN Device Profile.">DeviceDefinition</a><a name="DeviceDefinition"> </a></td><td style="vertical-align: top; text-align : left; background-color: white; border: 0px #F0F0F0 solid; padding:0px 4px 0px 4px" class="hierarchy"/><td style="vertical-align: top; text-align : left; background-color: white; border: 0px #F0F0F0 solid; padding:0px 4px 0px 4px" class="hierarchy"/><td style="vertical-align: top; text-align : left; background-color: white; border: 0px #F0F0F0 solid; padding:0px 4px 0px 4px" class="hierarchy"/><td style="vertical-align: top; text-align : left; background-color: white; border: 0px #F0F0F0 solid; padding:0px 4px 0px 4px" class="hierarchy"/></tr>
<tr style="border: 0px #F0F0F0 solid; padding:0px; vertical-align: top; background-color: white;"><td style="vertical-align: top; text-align : left; background-color: white; border: 0px #F0F0F0 solid; padding:0px 4px 0px 4px; white-space: nowrap; background-image: url(tbl_bck11.png)" class="hierarchy"><img src="tbl_spacer.png" alt="." style="background-color: inherit" class="hierarchy"/><img src="tbl_vjoin.png" alt="." style="background-color: inherit" class="hierarchy"/><img src="icon_datatype.gif" alt="." style="background-color: white; background-color: inherit" title="Data Type" class="hierarchy"/> <a href="StructureDefinition-devicedefinition-crn-definitions.html#DeviceDefinition.udiDeviceIdentifier">udiDeviceIdentifier</a><a name="DeviceDefinition.udiDeviceIdentifier"> </a></td><td style="vertical-align: top; text-align : left; background-color: white; border: 0px #F0F0F0 solid; padding:0px 4px 0px 4px" class="hierarchy"><span style="padding-left: 3px; padding-right: 3px; color: white; background-color: red" title="This element must be supported">S</span></td><td style="vertical-align: top; text-align : left; background-color: white; border: 0px #F0F0F0 solid; padding:0px 4px 0px 4px" class="hierarchy">0..1</td><td style="vertical-align: top; text-align : left; background-color: white; border: 0px #F0F0F0 solid; padding:0px 4px 0px 4px" class="hierarchy"><a href="http://hl7.org/fhir/datatypes.html#BackboneElement">BackboneElement</a></td><td style="vertical-align: top; text-align : left; background-color: white; border: 0px #F0F0F0 solid; padding:0px 4px 0px 4px" class="hierarchy"/></tr>
<tr style="border: 0px #F0F0F0 solid; padding:0px; vertical-align: top; background-color: white;"><td style="vertical-align: top; text-align : left; background-color: white; border: 0px #F0F0F0 solid; padding:0px 4px 0px 4px; white-space: nowrap; background-image: url(tbl_bck110.png)" class="hierarchy"><img src="tbl_spacer.png" alt="." style="background-color: inherit" class="hierarchy"/><img src="tbl_vline.png" alt="." style="background-color: inherit" class="hierarchy"/><img src="tbl_vjoin.png" alt="." style="background-color: inherit" class="hierarchy"/><img src="icon_primitive.png" alt="." style="background-color: white; background-color: inherit" title="Primitive Data Type" class="hierarchy"/> <a href="StructureDefinition-devicedefinition-crn-definitions.html#DeviceDefinition.udiDeviceIdentifier.deviceIdentifier">deviceIdentifier</a><a name="DeviceDefinition.udiDeviceIdentifier.deviceIdentifier"> </a></td><td style="vertical-align: top; text-align : left; background-color: white; border: 0px #F0F0F0 solid; padding:0px 4px 0px 4px" class="hierarchy"><span style="padding-left: 3px; padding-right: 3px; color: white; background-color: red" title="This element must be supported">S</span></td><td style="vertical-align: top; text-align : left; background-color: white; border: 0px #F0F0F0 solid; padding:0px 4px 0px 4px" class="hierarchy">1..1</td><td style="vertical-align: top; text-align : left; background-color: white; border: 0px #F0F0F0 solid; padding:0px 4px 0px 4px" class="hierarchy"><a href="http://hl7.org/fhir/datatypes.html#string">string</a></td><td style="vertical-align: top; text-align : left; background-color: white; border: 0px #F0F0F0 solid; padding:0px 4px 0px 4px" class="hierarchy"/></tr>
<tr style="border: 0px #F0F0F0 solid; padding:0px; vertical-align: top; background-color: white;"><td style="vertical-align: top; text-align : left; background-color: white; border: 0px #F0F0F0 solid; padding:0px 4px 0px 4px; white-space: nowrap; background-image: url(tbl_bck110.png)" class="hierarchy"><img src="tbl_spacer.png" alt="." style="background-color: inherit" class="hierarchy"/><img src="tbl_vline.png" alt="." style="background-color: inherit" class="hierarchy"/><img src="tbl_vjoin.png" alt="." style="background-color: inherit" class="hierarchy"/><img src="icon_primitive.png" alt="." style="background-color: white; background-color: inherit" title="Primitive Data Type" class="hierarchy"/> <a href="StructureDefinition-devicedefinition-crn-definitions.html#DeviceDefinition.udiDeviceIdentifier.issuer">issuer</a><a name="DeviceDefinition.udiDeviceIdentifier.issuer"> </a></td><td style="vertical-align: top; text-align : left; background-color: white; border: 0px #F0F0F0 solid; padding:0px 4px 0px 4px" class="hierarchy"><span style="padding-left: 3px; padding-right: 3px; color: white; background-color: red" title="This element must be supported">S</span></td><td style="vertical-align: top; text-align : left; background-color: white; border: 0px #F0F0F0 solid; padding:0px 4px 0px 4px" class="hierarchy">1..1</td><td style="vertical-align: top; text-align : left; background-color: white; border: 0px #F0F0F0 solid; padding:0px 4px 0px 4px" class="hierarchy"><a href="http://hl7.org/fhir/datatypes.html#uri">uri</a></td><td style="vertical-align: top; text-align : left; background-color: white; border: 0px #F0F0F0 solid; padding:0px 4px 0px 4px" class="hierarchy"/></tr>
<tr style="border: 0px #F0F0F0 solid; padding:0px; vertical-align: top; background-color: white;"><td style="vertical-align: top; text-align : left; background-color: white; border: 0px #F0F0F0 solid; padding:0px 4px 0px 4px; white-space: nowrap; background-image: url(tbl_bck100.png)" class="hierarchy"><img src="tbl_spacer.png" alt="." style="background-color: inherit" class="hierarchy"/><img src="tbl_vline.png" alt="." style="background-color: inherit" class="hierarchy"/><img src="tbl_vjoin_end.png" alt="." style="background-color: inherit" class="hierarchy"/><img src="icon_primitive.png" alt="." style="background-color: white; background-color: inherit" title="Primitive Data Type" class="hierarchy"/> <a href="StructureDefinition-devicedefinition-crn-definitions.html#DeviceDefinition.udiDeviceIdentifier.jurisdiction">jurisdiction</a><a name="DeviceDefinition.udiDeviceIdentifier.jurisdiction"> </a></td><td style="vertical-align: top; text-align : left; background-color: white; border: 0px #F0F0F0 solid; padding:0px 4px 0px 4px" class="hierarchy"><span style="padding-left: 3px; padding-right: 3px; color: white; background-color: red" title="This element must be supported">S</span></td><td style="vertical-align: top; text-align : left; background-color: white; border: 0px #F0F0F0 solid; padding:0px 4px 0px 4px" class="hierarchy">1..1</td><td style="vertical-align: top; text-align : left; background-color: white; border: 0px #F0F0F0 solid; padding:0px 4px 0px 4px" class="hierarchy"><a href="http://hl7.org/fhir/datatypes.html#uri">uri</a></td><td style="vertical-align: top; text-align : left; background-color: white; border: 0px #F0F0F0 solid; padding:0px 4px 0px 4px" class="hierarchy"/></tr>
<tr style="border: 0px #F0F0F0 solid; padding:0px; vertical-align: top; background-color: white;"><td style="vertical-align: top; text-align : left; background-color: white; border: 0px #F0F0F0 solid; padding:0px 4px 0px 4px; white-space: nowrap; background-image: url(tbl_bck10.png)" class="hierarchy"><img src="tbl_spacer.png" alt="." style="background-color: inherit" class="hierarchy"/><img src="tbl_vjoin.png" alt="." style="background-color: inherit" class="hierarchy"/><img src="icon_primitive.png" alt="." style="background-color: white; background-color: inherit" title="Primitive Data Type" class="hierarchy"/> <a href="StructureDefinition-devicedefinition-crn-definitions.html#DeviceDefinition.manufacturerString">manufacturerString</a><a name="DeviceDefinition.manufacturerString"> </a></td><td style="vertical-align: top; text-align : left; background-color: white; border: 0px #F0F0F0 solid; padding:0px 4px 0px 4px" class="hierarchy"><span style="padding-left: 3px; padding-right: 3px; color: white; background-color: red" title="This element must be supported">S</span></td><td style="vertical-align: top; text-align : left; background-color: white; border: 0px #F0F0F0 solid; padding:0px 4px 0px 4px" class="hierarchy">1..1</td><td style="vertical-align: top; text-align : left; background-color: white; border: 0px #F0F0F0 solid; padding:0px 4px 0px 4px" class="hierarchy"><a href="http://hl7.org/fhir/datatypes.html#string">string</a></td><td style="vertical-align: top; text-align : left; background-color: white; border: 0px #F0F0F0 solid; padding:0px 4px 0px 4px" class="hierarchy"/></tr>
<tr style="border: 0px #F0F0F0 solid; padding:0px; vertical-align: top; background-color: white;"><td style="vertical-align: top; text-align : left; background-color: white; border: 0px #F0F0F0 solid; padding:0px 4px 0px 4px; white-space: nowrap; background-image: url(tbl_bck11.png)" class="hierarchy"><img src="tbl_spacer.png" alt="." style="background-color: inherit" class="hierarchy"/><img src="tbl_vjoin.png" alt="." style="background-color: inherit" class="hierarchy"/><img src="icon_datatype.gif" alt="." style="background-color: white; background-color: inherit" title="Data Type" class="hierarchy"/> <a href="StructureDefinition-devicedefinition-crn-definitions.html#DeviceDefinition.deviceName">deviceName</a><a name="DeviceDefinition.deviceName"> </a></td><td style="vertical-align: top; text-align : left; background-color: white; border: 0px #F0F0F0 solid; padding:0px 4px 0px 4px" class="hierarchy"><span style="padding-left: 3px; padding-right: 3px; color: white; background-color: red" title="This element must be supported">S</span></td><td style="vertical-align: top; text-align : left; background-color: white; border: 0px #F0F0F0 solid; padding:0px 4px 0px 4px" class="hierarchy">0..1</td><td style="vertical-align: top; text-align : left; background-color: white; border: 0px #F0F0F0 solid; padding:0px 4px 0px 4px" class="hierarchy"><a href="http://hl7.org/fhir/datatypes.html#BackboneElement">BackboneElement</a></td><td style="vertical-align: top; text-align : left; background-color: white; border: 0px #F0F0F0 solid; padding:0px 4px 0px 4px" class="hierarchy"/></tr>
<tr style="border: 0px #F0F0F0 solid; padding:0px; vertical-align: top; background-color: white;"><td style="vertical-align: top; text-align : left; background-color: white; border: 0px #F0F0F0 solid; padding:0px 4px 0px 4px; white-space: nowrap; background-image: url(tbl_bck110.png)" class="hierarchy"><img src="tbl_spacer.png" alt="." style="background-color: inherit" class="hierarchy"/><img src="tbl_vline.png" alt="." style="background-color: inherit" class="hierarchy"/><img src="tbl_vjoin.png" alt="." style="background-color: inherit" class="hierarchy"/><img src="icon_primitive.png" alt="." style="background-color: white; background-color: inherit" title="Primitive Data Type" class="hierarchy"/> <a href="StructureDefinition-devicedefinition-crn-definitions.html#DeviceDefinition.deviceName.name">name</a><a name="DeviceDefinition.deviceName.name"> </a></td><td style="vertical-align: top; text-align : left; background-color: white; border: 0px #F0F0F0 solid; padding:0px 4px 0px 4px" class="hierarchy"><span style="padding-left: 3px; padding-right: 3px; color: white; background-color: red" title="This element must be supported">S</span></td><td style="vertical-align: top; text-align : left; background-color: white; border: 0px #F0F0F0 solid; padding:0px 4px 0px 4px" class="hierarchy">1..1</td><td style="vertical-align: top; text-align : left; background-color: white; border: 0px #F0F0F0 solid; padding:0px 4px 0px 4px" class="hierarchy"><a href="http://hl7.org/fhir/datatypes.html#string">string</a></td><td style="vertical-align: top; text-align : left; background-color: white; border: 0px #F0F0F0 solid; padding:0px 4px 0px 4px" class="hierarchy"/></tr>
<tr style="border: 0px #F0F0F0 solid; padding:0px; vertical-align: top; background-color: white;"><td style="vertical-align: top; text-align : left; background-color: white; border: 0px #F0F0F0 solid; padding:0px 4px 0px 4px; white-space: nowrap; background-image: url(tbl_bck100.png)" class="hierarchy"><img src="tbl_spacer.png" alt="." style="background-color: inherit" class="hierarchy"/><img src="tbl_vline.png" alt="." style="background-color: inherit" class="hierarchy"/><img src="tbl_vjoin_end.png" alt="." style="background-color: inherit" class="hierarchy"/><img src="icon_primitive.png" alt="." style="background-color: white; background-color: inherit" title="Primitive Data Type" class="hierarchy"/> <a href="StructureDefinition-devicedefinition-crn-definitions.html#DeviceDefinition.deviceName.type">type</a><a name="DeviceDefinition.deviceName.type"> </a></td><td style="vertical-align: top; text-align : left; background-color: white; border: 0px #F0F0F0 solid; padding:0px 4px 0px 4px" class="hierarchy"><span style="padding-left: 3px; padding-right: 3px; color: white; background-color: red" title="This element must be supported">S</span></td><td style="vertical-align: top; text-align : left; background-color: white; border: 0px #F0F0F0 solid; padding:0px 4px 0px 4px" class="hierarchy">1..1</td><td style="vertical-align: top; text-align : left; background-color: white; border: 0px #F0F0F0 solid; padding:0px 4px 0px 4px" class="hierarchy"><a href="http://hl7.org/fhir/datatypes.html#code">code</a></td><td style="vertical-align: top; text-align : left; background-color: white; border: 0px #F0F0F0 solid; padding:0px 4px 0px 4px" class="hierarchy"/></tr>
<tr style="border: 0px #F0F0F0 solid; padding:0px; vertical-align: top; background-color: white;"><td style="vertical-align: top; text-align : left; background-color: white; border: 0px #F0F0F0 solid; padding:0px 4px 0px 4px; white-space: nowrap; background-image: url(tbl_bck10.png)" class="hierarchy"><img src="tbl_spacer.png" alt="." style="background-color: inherit" class="hierarchy"/><img src="tbl_vjoin.png" alt="." style="background-color: inherit" class="hierarchy"/><img src="icon_primitive.png" alt="." style="background-color: white; background-color: inherit" title="Primitive Data Type" class="hierarchy"/> <a href="StructureDefinition-devicedefinition-crn-definitions.html#DeviceDefinition.modelNumber">modelNumber</a><a name="DeviceDefinition.modelNumber"> </a></td><td style="vertical-align: top; text-align : left; background-color: white; border: 0px #F0F0F0 solid; padding:0px 4px 0px 4px" class="hierarchy"><span style="padding-left: 3px; padding-right: 3px; color: white; background-color: red" title="This element must be supported">S</span></td><td style="vertical-align: top; text-align : left; background-color: white; border: 0px #F0F0F0 solid; padding:0px 4px 0px 4px" class="hierarchy">0..1</td><td style="vertical-align: top; text-align : left; background-color: white; border: 0px #F0F0F0 solid; padding:0px 4px 0px 4px" class="hierarchy"><a href="http://hl7.org/fhir/datatypes.html#string">string</a></td><td style="vertical-align: top; text-align : left; background-color: white; border: 0px #F0F0F0 solid; padding:0px 4px 0px 4px" class="hierarchy"/></tr>
<tr style="border: 0px #F0F0F0 solid; padding:0px; vertical-align: top; background-color: white;"><td style="vertical-align: top; text-align : left; background-color: white; border: 0px #F0F0F0 solid; padding:0px 4px 0px 4px; white-space: nowrap; background-image: url(tbl_bck00.png)" class="hierarchy"><img src="tbl_spacer.png" alt="." style="background-color: inherit" class="hierarchy"/><img src="tbl_vjoin_end.png" alt="." style="background-color: inherit" class="hierarchy"/><img src="icon_datatype.gif" alt="." style="background-color: white; background-color: inherit" title="Data Type" class="hierarchy"/> <a href="StructureDefinition-devicedefinition-crn-definitions.html#DeviceDefinition.type">type</a><a name="DeviceDefinition.type"> </a></td><td style="vertical-align: top; text-align : left; background-color: white; border: 0px #F0F0F0 solid; padding:0px 4px 0px 4px" class="hierarchy"><span style="padding-left: 3px; padding-right: 3px; color: white; background-color: red" title="This element must be supported">S</span></td><td style="vertical-align: top; text-align : left; background-color: white; border: 0px #F0F0F0 solid; padding:0px 4px 0px 4px" class="hierarchy">0..1</td><td style="vertical-align: top; text-align : left; background-color: white; border: 0px #F0F0F0 solid; padding:0px 4px 0px 4px" class="hierarchy"><a href="http://hl7.org/fhir/datatypes.html#CodeableConcept">CodeableConcept</a></td><td style="vertical-align: top; text-align : left; background-color: white; border: 0px #F0F0F0 solid; padding:0px 4px 0px 4px" class="hierarchy"/></tr>
<tr><td colspan="5" class="hierarchy"><br/><a href="http://hl7.org/fhir/formats.html#table" title="Legend for this format"><img src="http://hl7.org/fhir/help16.png" alt="doco" style="background-color: inherit"/> Documentation for this format</a></td></tr></table></div></text><url value="http://hl7.org/fhir/us/cdl/StructureDefinition/devicedefinition-crn"/><version value="0.1.0"/><name value="DeviceDefinitionCRN"/><title value="DeviceDefinition CRN"/><status value="active"/><experimental value="false"/><date value="2019-03-24T00:00:00-04:00"/><publisher value="BRR"/><contact><telecom><system value="url"/><value value="http://www.hl7.org"/></telecom></contact><description value="Defines constraints on DeviceDefinition for WHT CRN project."/><fhirVersion value="4.0.0"/><mapping><identity value="w5"/><uri value="http://hl7.org/fhir/fivews"/><name value="FiveWs Pattern Mapping"/></mapping><mapping><identity value="rim"/><uri value="http://hl7.org/v3"/><name value="RIM Mapping"/></mapping><kind value="resource"/><abstract value="false"/><type value="DeviceDefinition"/><baseDefinition value="http://hl7.org/fhir/StructureDefinition/DeviceDefinition"/><derivation value="constraint"/><snapshot><element id="DeviceDefinition"><path value="DeviceDefinition"/><short value="An instance of a medical-related component of a medical device"/><definition value="This is a CRN Device Profile."/><comment value="For the initial scope, this DeviceDefinition resource is only applicable to describe a single node in the containment tree that is produced by the context scanner in any medical device that implements or derives from the ISO/IEEE 11073 standard and that does not represent a metric. Examples for such a node are MDS, VMD, or Channel."/><min value="0"/><max value="*"/><base><path value="DeviceDefinition"/><min value="0"/><max value="*"/></base><constraint><key value="dom-2"/><severity value="error"/><human value="If the resource is contained in another resource, it SHALL NOT contain nested Resources"/><expression value="contained.contained.empty()"/><xpath value="not(parent::f:contained and f:contained)"/><source value="DomainResource"/></constraint><constraint><key value="dom-4"/><severity value="error"/><human value="If a resource is contained in another resource, it SHALL NOT have a meta.versionId or a meta.lastUpdated"/><expression value="contained.meta.versionId.empty() and contained.meta.lastUpdated.empty()"/><xpath value="not(exists(f:contained/*/f:meta/f:versionId)) and not(exists(f:contained/*/f:meta/f:lastUpdated))"/><source value="DomainResource"/></constraint><constraint><key value="dom-3"/><severity value="error"/><human value="If the resource is contained in another resource, it SHALL be referred to from elsewhere in the resource or SHALL refer to the containing resource"/><expression value="contained.where(((&#39;#&#39;+id in (%resource.descendants().reference | %resource.descendants().as(canonical) | %resource.descendants().as(uri) | %resource.descendants().as(url))) or descendants().where(reference = &#39;#&#39;).exists() or descendants().where(as(canonical) = &#39;#&#39;).exists() or descendants().where(as(canonical) = &#39;#&#39;).exists()).not()).trace(&#39;unmatched&#39;, id).empty()"/><xpath value="not(exists(for $contained in f:contained return $contained[not(parent::*/descendant::f:reference/@value=concat(&#39;#&#39;, $contained/*/id/@value) or descendant::f:reference[@value=&#39;#&#39;])]))"/><source value="DomainResource"/></constraint><constraint><extension url="http://hl7.org/fhir/StructureDefinition/elementdefinition-bestpractice"><valueBoolean value="true"/></extension><extension url="http://hl7.org/fhir/StructureDefinition/elementdefinition-bestpractice-explanation"><valueMarkdown value="When a resource has no narrative, only systems that fully understand the data can display the resource to a human safely. Including a human readable representation in the resource makes for a much more robust eco-system and cheaper handling of resources by intermediary systems. Some ecosystems restrict distribution of resources to only those systems that do fully understand the resources, and as a consequence implementers may believe that the narrative is superfluous. However experience shows that such eco-systems often open up to new participants over time."/></extension><key value="dom-6"/><severity value="warning"/><human value="A resource should have narrative for robust management"/><expression value="text.div.exists()"/><xpath value="exists(f:text/h:div)"/><source value="DomainResource"/></constraint><constraint><key value="dom-5"/><severity value="error"/><human value="If a resource is contained in another resource, it SHALL NOT have a security label"/><expression value="contained.meta.security.empty()"/><xpath value="not(exists(f:contained/*/f:meta/f:security))"/><source value="DomainResource"/></constraint><mustSupport value="false"/><isModifier value="false"/><isSummary value="false"/><mapping><identity value="rim"/><map value="Entity. Role, or Act"/></mapping></element><element id="DeviceDefinition.id"><path value="DeviceDefinition.id"/><short value="Logical id of this artifact"/><definition value="The logical id of the resource, as used in the URL for the resource. Once assigned, this value never changes."/><comment value="The only time that a resource does not have an id is when it is being submitted to the server using a create operation."/><min value="0"/><max value="1"/><base><path value="Resource.id"/><min value="0"/><max value="1"/></base><type><code value="id"/></type><isModifier value="false"/><isSummary value="true"/></element><element id="DeviceDefinition.meta"><path value="DeviceDefinition.meta"/><short value="Metadata about the resource"/><definition value="The metadata about the resource. This is content that is maintained by the infrastructure. Changes to the content might not always be associated with version changes to the resource."/><min value="0"/><max value="1"/><base><path value="Resource.meta"/><min value="0"/><max value="1"/></base><type><code value="Meta"/></type><isModifier value="false"/><isSummary value="true"/></element><element id="DeviceDefinition.implicitRules"><path value="DeviceDefinition.implicitRules"/><short value="A set of rules under which this content was created"/><definition value="A reference to a set of rules that were followed when the resource was constructed, and which must be understood when processing the content. Often, this is a reference to an implementation guide that defines the special rules along with other profiles etc."/><comment value="Asserting this rule set restricts the content to be only understood by a limited set of trading partners. This inherently limits the usefulness of the data in the long term. However, the existing health eco-system is highly fractured, and not yet ready to define, collect, and exchange data in a generally computable sense. Wherever possible, implementers and/or specification writers should avoid using this element. Often, when used, the URL is a reference to an implementation guide that defines these special rules as part of it&#39;s narrative along with other profiles, value sets, etc."/><min value="0"/><max value="1"/><base><path value="Resource.implicitRules"/><min value="0"/><max value="1"/></base><type><code value="uri"/></type><isModifier value="true"/><isModifierReason value="This element is labeled as a modifier because the implicit rules may provide additional knowledge about the resource that modifies it&#39;s meaning or interpretation"/><isSummary value="true"/></element><element id="DeviceDefinition.language"><path value="DeviceDefinition.language"/><short value="Language of the resource content"/><definition value="The base language in which the resource is written."/><comment value="Language is provided to support indexing and accessibility (typically, services such as text to speech use the language tag). The html language tag in the narrative applies  to the narrative. The language tag on the resource may be used to specify the language of other presentations generated from the data in the resource. Not all the content has to be in the base language. The Resource.language should not be assumed to apply to the narrative automatically. If a language is specified, it should it also be specified on the div element in the html (see rules in HTML5 for information about the relationship between xml:lang and the html lang attribute)."/><min value="0"/><max value="1"/><base><path value="Resource.language"/><min value="0"/><max value="1"/></base><type><code value="code"/></type><isModifier value="false"/><isSummary value="false"/><binding><extension url="http://hl7.org/fhir/StructureDefinition/elementdefinition-maxValueSet"><valueCanonical value="http://hl7.org/fhir/ValueSet/all-languages"/></extension><extension url="http://hl7.org/fhir/StructureDefinition/elementdefinition-bindingName"><valueString value="Language"/></extension><extension url="http://hl7.org/fhir/StructureDefinition/elementdefinition-isCommonBinding"><valueBoolean value="true"/></extension><strength value="preferred"/><description value="A human language."/><valueSet value="http://hl7.org/fhir/ValueSet/languages"/></binding></element><element id="DeviceDefinition.text"><path value="DeviceDefinition.text"/><short value="Text summary of the resource, for human interpretation"/><definition value="A human-readable narrative that contains a summary of the resource and can be used to represent the content of the resource to a human. The narrative need not encode all the structured data, but is required to contain sufficient detail to make it &quot;clinically safe&quot; for a human to just read the narrative. Resource definitions may define what content should be represented in the narrative to ensure clinical safety."/><comment value="Contained resources do not have narrative. Resources that are not contained SHOULD have a narrative. In some cases, a resource may only have text with little or no additional discrete data (as long as all minOccurs=1 elements are satisfied).  This may be necessary for data from legacy systems where information is captured as a &quot;text blob&quot; or where text is additionally entered raw or narrated and encoded information is added later."/><alias value="narrative"/><alias value="html"/><alias value="xhtml"/><alias value="display"/><min value="0"/><max value="1"/><base><path value="DomainResource.text"/><min value="0"/><max value="1"/></base><type><code value="Narrative"/></type><isModifier value="false"/><isSummary value="false"/><mapping><identity value="rim"/><map value="Act.text?"/></mapping></element><element id="DeviceDefinition.contained"><path value="DeviceDefinition.contained"/><short value="Contained, inline Resources"/><definition value="These resources do not have an independent existence apart from the resource that contains them - they cannot be identified independently, and nor can they have their own independent transaction scope."/><comment value="This should never be done when the content can be identified properly, as once identification is lost, it is extremely difficult (and context dependent) to restore it again. Contained resources may have profiles and tags In their meta elements, but SHALL NOT have security labels."/><alias value="inline resources"/><alias value="anonymous resources"/><alias value="contained resources"/><min value="0"/><max value="*"/><base><path value="DomainResource.contained"/><min value="0"/><max value="*"/></base><type><code value="Resource"/></type><isModifier value="false"/><isSummary value="false"/><mapping><identity value="rim"/><map value="N/A"/></mapping></element><element id="DeviceDefinition.extension"><path value="DeviceDefinition.extension"/><short value="Additional content defined by implementations"/><definition value="May be used to represent additional information that is not part of the basic definition of the resource. To make the use of extensions safe and manageable, there is a strict set of governance  applied to the definition and use of extensions. Though any implementer can define an extension, there is a set of requirements that SHALL be met as part of the definition of the extension."/><comment value="There can be no stigma associated with the use of extensions by any application, project, or standard - regardless of the institution or jurisdiction that uses or defines the extensions.  The use of extensions is what allows the FHIR specification to retain a core level of simplicity for everyone."/><alias value="extensions"/><alias value="user content"/><min value="0"/><max value="*"/><base><path value="DomainResource.extension"/><min value="0"/><max value="*"/></base><type><code value="Extension"/></type><isModifier value="false"/><isSummary value="false"/><mapping><identity value="rim"/><map value="N/A"/></mapping></element><element id="DeviceDefinition.modifierExtension"><path value="DeviceDefinition.modifierExtension"/><short value="Extensions that cannot be ignored"/><definition value="May be used to represent additional information that is not part of the basic definition of the resource and that modifies the understanding of the element that contains it and/or the understanding of the containing element&#39;s descendants. Usually modifier elements provide negation or qualification. To make the use of extensions safe and manageable, there is a strict set of governance applied to the definition and use of extensions. Though any implementer is allowed to define an extension, there is a set of requirements that SHALL be met as part of the definition of the extension. Applications processing a resource are required to check for modifier extensions.&#xA;&#xA;Modifier extensions SHALL NOT change the meaning of any elements on Resource or DomainResource (including cannot change the meaning of modifierExtension itself)."/><comment value="There can be no stigma associated with the use of extensions by any application, project, or standard - regardless of the institution or jurisdiction that uses or defines the extensions.  The use of extensions is what allows the FHIR specification to retain a core level of simplicity for everyone."/><requirements value="Modifier extensions allow for extensions that *cannot* be safely ignored to be clearly distinguished from the vast majority of extensions which can be safely ignored.  This promotes interoperability by eliminating the need for implementers to prohibit the presence of extensions. For further information, see the [definition of modifier extensions](http://hl7.org/fhir/extensibility.html#modifierExtension)."/><alias value="extensions"/><alias value="user content"/><min value="0"/><max value="*"/><base><path value="DomainResource.modifierExtension"/><min value="0"/><max value="*"/></base><type><code value="Extension"/></type><isModifier value="true"/><isModifierReason value="Modifier extensions are expected to modify the meaning or interpretation of the resource that contains them"/><isSummary value="false"/><mapping><identity value="rim"/><map value="N/A"/></mapping></element><element id="DeviceDefinition.identifier"><path value="DeviceDefinition.identifier"/><short value="Instance identifier"/><definition value="Unique instance identifiers assigned to a device by the software, manufacturers, other organizations or owners. For example: handle ID."/><min value="0"/><max value="*"/><base><path value="DeviceDefinition.identifier"/><min value="0"/><max value="*"/></base><type><code value="Identifier"/></type><isModifier value="false"/><isSummary value="false"/><mapping><identity value="w5"/><map value="FiveWs.identifier"/></mapping></element><element id="DeviceDefinition.udiDeviceIdentifier"><path value="DeviceDefinition.udiDeviceIdentifier"/><short value="Unique Device Identifier (UDI) Barcode string"/><definition value="Unique device identifier (UDI) assigned to device label or package.  Note that the Device may include multiple udiCarriers as it either may include just the udiCarrier for the jurisdiction it is sold, or for multiple jurisdictions it could have been sold."/><min value="0"/><max value="1"/><base><path value="DeviceDefinition.udiDeviceIdentifier"/><min value="0"/><max value="*"/></base><type><code value="BackboneElement"/></type><constraint><key value="ele-1"/><severity value="error"/><human value="All FHIR elements must have a @value or children"/><expression value="hasValue() or (children().count() &gt; id.count())"/><xpath value="@value|f:*|h:div"/><source value="Element"/></constraint><mustSupport value="true"/><isModifier value="false"/><isSummary value="false"/></element><element id="DeviceDefinition.udiDeviceIdentifier.id"><path value="DeviceDefinition.udiDeviceIdentifier.id"/><representation value="xmlAttr"/><short value="Unique id for inter-element referencing"/><definition value="Unique id for the element within a resource (for internal references). This may be any string value that does not contain spaces."/><min value="0"/><max value="1"/><base><path value="Element.id"/><min value="0"/><max value="1"/></base><type><code value="string"/></type><isModifier value="false"/><isSummary value="false"/><mapping><identity value="rim"/><map value="n/a"/></mapping></element><element id="DeviceDefinition.udiDeviceIdentifier.extension"><path value="DeviceDefinition.udiDeviceIdentifier.extension"/><short value="Additional content defined by implementations"/><definition value="May be used to represent additional information that is not part of the basic definition of the element. To make the use of extensions safe and manageable, there is a strict set of governance  applied to the definition and use of extensions. Though any implementer can define an extension, there is a set of requirements that SHALL be met as part of the definition of the extension."/><comment value="There can be no stigma associated with the use of extensions by any application, project, or standard - regardless of the institution or jurisdiction that uses or defines the extensions.  The use of extensions is what allows the FHIR specification to retain a core level of simplicity for everyone."/><alias value="extensions"/><alias value="user content"/><min value="0"/><max value="*"/><base><path value="Element.extension"/><min value="0"/><max value="*"/></base><type><code value="Extension"/></type><isModifier value="false"/><isSummary value="false"/><mapping><identity value="rim"/><map value="n/a"/></mapping></element><element id="DeviceDefinition.udiDeviceIdentifier.modifierExtension"><path value="DeviceDefinition.udiDeviceIdentifier.modifierExtension"/><short value="Extensions that cannot be ignored even if unrecognized"/><definition value="May be used to represent additional information that is not part of the basic definition of the element and that modifies the understanding of the element in which it is contained and/or the understanding of the containing element&#39;s descendants. Usually modifier elements provide negation or qualification. To make the use of extensions safe and manageable, there is a strict set of governance applied to the definition and use of extensions. Though any implementer can define an extension, there is a set of requirements that SHALL be met as part of the definition of the extension. Applications processing a resource are required to check for modifier extensions.&#xA;&#xA;Modifier extensions SHALL NOT change the meaning of any elements on Resource or DomainResource (including cannot change the meaning of modifierExtension itself)."/><comment value="There can be no stigma associated with the use of extensions by any application, project, or standard - regardless of the institution or jurisdiction that uses or defines the extensions.  The use of extensions is what allows the FHIR specification to retain a core level of simplicity for everyone."/><requirements value="Modifier extensions allow for extensions that *cannot* be safely ignored to be clearly distinguished from the vast majority of extensions which can be safely ignored.  This promotes interoperability by eliminating the need for implementers to prohibit the presence of extensions. For further information, see the [definition of modifier extensions](http://hl7.org/fhir/extensibility.html#modifierExtension)."/><alias value="extensions"/><alias value="user content"/><alias value="modifiers"/><min value="0"/><max value="*"/><base><path value="BackboneElement.modifierExtension"/><min value="0"/><max value="*"/></base><type><code value="Extension"/></type><isModifier value="true"/><isModifierReason value="Modifier extensions are expected to modify the meaning or interpretation of the element that contains them"/><isSummary value="true"/><mapping><identity value="rim"/><map value="N/A"/></mapping></element><element id="DeviceDefinition.udiDeviceIdentifier.deviceIdentifier"><path value="DeviceDefinition.udiDeviceIdentifier.deviceIdentifier"/><short value="The identifier that is to be associated with every Device that references this DeviceDefintiion for the issuer and jurisdication porvided in the DeviceDefinition.udiDeviceIdentifier"/><definition value="The identifier that is to be associated with every Device that references this DeviceDefintiion for the issuer and jurisdication porvided in the DeviceDefinition.udiDeviceIdentifier."/><min value="1"/><max value="1"/><base><path value="DeviceDefinition.udiDeviceIdentifier.deviceIdentifier"/><min value="1"/><max value="1"/></base><type><code value="string"/></type><mustSupport value="true"/><isModifier value="false"/><isSummary value="false"/></element><element id="DeviceDefinition.udiDeviceIdentifier.issuer"><path value="DeviceDefinition.udiDeviceIdentifier.issuer"/><short value="The organization that assigns the identifier algorithm"/><definition value="The organization that assigns the identifier algorithm."/><min value="1"/><max value="1"/><base><path value="DeviceDefinition.udiDeviceIdentifier.issuer"/><min value="1"/><max value="1"/></base><type><code value="uri"/></type><mustSupport value="true"/><isModifier value="false"/><isSummary value="false"/></element><element id="DeviceDefinition.udiDeviceIdentifier.jurisdiction"><path value="DeviceDefinition.udiDeviceIdentifier.jurisdiction"/><short value="The jurisdiction to which the deviceIdentifier applies"/><definition value="The jurisdiction to which the deviceIdentifier applies."/><min value="1"/><max value="1"/><base><path value="DeviceDefinition.udiDeviceIdentifier.jurisdiction"/><min value="1"/><max value="1"/></base><type><code value="uri"/></type><mustSupport value="true"/><isModifier value="false"/><isSummary value="false"/></element><element id="DeviceDefinition.manufacturerString"><path value="DeviceDefinition.manufacturerString"/><short value="Name of device manufacturer"/><definition value="A name of the manufacturer."/><min value="1"/><max value="1"/><base><path value="DeviceDefinition.manufacturer[x]"/><min value="0"/><max value="1"/></base><type><code value="string"/></type><mustSupport value="true"/><isModifier value="false"/><isSummary value="false"/><mapping><identity value="w5"/><map value="FiveWs.what[x]"/></mapping><mapping><identity value="rim"/><map value=".playedRole[typeCode=MANU].scoper.name"/></mapping></element><element id="DeviceDefinition.deviceName"><path value="DeviceDefinition.deviceName"/><short value="A name given to the device to identify it"/><definition value="A name given to the device to identify it."/><min value="0"/><max value="1"/><base><path value="DeviceDefinition.deviceName"/><min value="0"/><max value="*"/></base><type><code value="BackboneElement"/></type><constraint><key value="ele-1"/><severity value="error"/><human value="All FHIR elements must have a @value or children"/><expression value="hasValue() or (children().count() &gt; id.count())"/><xpath value="@value|f:*|h:div"/><source value="Element"/></constraint><mustSupport value="true"/><isModifier value="false"/><isSummary value="false"/></element><element id="DeviceDefinition.deviceName.id"><path value="DeviceDefinition.deviceName.id"/><representation value="xmlAttr"/><short value="Unique id for inter-element referencing"/><definition value="Unique id for the element within a resource (for internal references). This may be any string value that does not contain spaces."/><min value="0"/><max value="1"/><base><path value="Element.id"/><min value="0"/><max value="1"/></base><type><code value="string"/></type><isModifier value="false"/><isSummary value="false"/><mapping><identity value="rim"/><map value="n/a"/></mapping></element><element id="DeviceDefinition.deviceName.extension"><path value="DeviceDefinition.deviceName.extension"/><short value="Additional content defined by implementations"/><definition value="May be used to represent additional information that is not part of the basic definition of the element. To make the use of extensions safe and manageable, there is a strict set of governance  applied to the definition and use of extensions. Though any implementer can define an extension, there is a set of requirements that SHALL be met as part of the definition of the extension."/><comment value="There can be no stigma associated with the use of extensions by any application, project, or standard - regardless of the institution or jurisdiction that uses or defines the extensions.  The use of extensions is what allows the FHIR specification to retain a core level of simplicity for everyone."/><alias value="extensions"/><alias value="user content"/><min value="0"/><max value="*"/><base><path value="Element.extension"/><min value="0"/><max value="*"/></base><type><code value="Extension"/></type><isModifier value="false"/><isSummary value="false"/><mapping><identity value="rim"/><map value="n/a"/></mapping></element><element id="DeviceDefinition.deviceName.modifierExtension"><path value="DeviceDefinition.deviceName.modifierExtension"/><short value="Extensions that cannot be ignored even if unrecognized"/><definition value="May be used to represent additional information that is not part of the basic definition of the element and that modifies the understanding of the element in which it is contained and/or the understanding of the containing element&#39;s descendants. Usually modifier elements provide negation or qualification. To make the use of extensions safe and manageable, there is a strict set of governance applied to the definition and use of extensions. Though any implementer can define an extension, there is a set of requirements that SHALL be met as part of the definition of the extension. Applications processing a resource are required to check for modifier extensions.&#xA;&#xA;Modifier extensions SHALL NOT change the meaning of any elements on Resource or DomainResource (including cannot change the meaning of modifierExtension itself)."/><comment value="There can be no stigma associated with the use of extensions by any application, project, or standard - regardless of the institution or jurisdiction that uses or defines the extensions.  The use of extensions is what allows the FHIR specification to retain a core level of simplicity for everyone."/><requirements value="Modifier extensions allow for extensions that *cannot* be safely ignored to be clearly distinguished from the vast majority of extensions which can be safely ignored.  This promotes interoperability by eliminating the need for implementers to prohibit the presence of extensions. For further information, see the [definition of modifier extensions](http://hl7.org/fhir/extensibility.html#modifierExtension)."/><alias value="extensions"/><alias value="user content"/><alias value="modifiers"/><min value="0"/><max value="*"/><base><path value="BackboneElement.modifierExtension"/><min value="0"/><max value="*"/></base><type><code value="Extension"/></type><isModifier value="true"/><isModifierReason value="Modifier extensions are expected to modify the meaning or interpretation of the element that contains them"/><isSummary value="true"/><mapping><identity value="rim"/><map value="N/A"/></mapping></element><element id="DeviceDefinition.deviceName.name"><path value="DeviceDefinition.deviceName.name"/><short value="The name of the device"/><definition value="The name of the device."/><alias value="&#x3A3;"/><min value="1"/><max value="1"/><base><path value="DeviceDefinition.deviceName.name"/><min value="1"/><max value="1"/></base><type><code value="string"/></type><mustSupport value="true"/><isModifier value="false"/><isSummary value="false"/></element><element id="DeviceDefinition.deviceName.type"><path value="DeviceDefinition.deviceName.type"/><short value="udi-label-name | user-friendly-name | patient-reported-name | manufacturer-name | model-name | other"/><definition value="The type of deviceName.&#xA;UDILabelName | UserFriendlyName | PatientReportedName | ManufactureDeviceName | ModelName."/><min value="1"/><max value="1"/><base><path value="DeviceDefinition.deviceName.type"/><min value="1"/><max value="1"/></base><type><code value="code"/></type><mustSupport value="true"/><isModifier value="false"/><isSummary value="false"/><binding><extension url="http://hl7.org/fhir/StructureDefinition/elementdefinition-bindingName"><valueString value="DeviceNameType"/></extension><strength value="required"/><description value="The type of name the device is referred by."/><valueSet value="http://hl7.org/fhir/ValueSet/device-nametype|4.0.0"/></binding><mapping><identity value="w5"/><map value="FiveWs.what[x]"/></mapping><mapping><identity value="rim"/><map value=".playedRole[typeCode=MANU].code"/></mapping></element><element id="DeviceDefinition.modelNumber"><path value="DeviceDefinition.modelNumber"/><short value="The model number for the device"/><definition value="The model number for the device."/><min value="0"/><max value="1"/><base><path value="DeviceDefinition.modelNumber"/><min value="0"/><max value="1"/></base><type><code value="string"/></type><mustSupport value="true"/><isModifier value="false"/><isSummary value="false"/><mapping><identity value="w5"/><map value="FiveWs.what[x]"/></mapping><mapping><identity value="rim"/><map value=".softwareName (included as part)"/></mapping></element><element id="DeviceDefinition.type"><path value="DeviceDefinition.type"/><short value="What kind of device or device system this is"/><definition value="What kind of device or device system this is."/><min value="0"/><max value="1"/><base><path value="DeviceDefinition.type"/><min value="0"/><max value="1"/></base><type><code value="CodeableConcept"/></type><mustSupport value="true"/><isModifier value="false"/><isSummary value="false"/><binding><extension url="http://hl7.org/fhir/StructureDefinition/elementdefinition-bindingName"><valueString value="DeviceKind"/></extension><strength value="example"/><description value="Type of device e.g. according to official classification."/><valueSet value="http://hl7.org/fhir/ValueSet/device-kind"/></binding></element><element id="DeviceDefinition.specialization"><path value="DeviceDefinition.specialization"/><short value="The capabilities supported on a  device, the standards to which the device conforms for a particular purpose, and used for the communication"/><definition value="The capabilities supported on a  device, the standards to which the device conforms for a particular purpose, and used for the communication."/><min value="0"/><max value="*"/><base><path value="DeviceDefinition.specialization"/><min value="0"/><max value="*"/></base><type><code value="BackboneElement"/></type><constraint><key value="ele-1"/><severity value="error"/><human value="All FHIR elements must have a @value or children"/><expression value="hasValue() or (children().count() &gt; id.count())"/><xpath value="@value|f:*|h:div"/><source value="Element"/></constraint><isModifier value="false"/><isSummary value="false"/></element><element id="DeviceDefinition.specialization.id"><path value="DeviceDefinition.specialization.id"/><representation value="xmlAttr"/><short value="Unique id for inter-element referencing"/><definition value="Unique id for the element within a resource (for internal references). This may be any string value that does not contain spaces."/><min value="0"/><max value="1"/><base><path value="Element.id"/><min value="0"/><max value="1"/></base><type><code value="string"/></type><isModifier value="false"/><isSummary value="false"/><mapping><identity value="rim"/><map value="n/a"/></mapping></element><element id="DeviceDefinition.specialization.extension"><path value="DeviceDefinition.specialization.extension"/><short value="Additional content defined by implementations"/><definition value="May be used to represent additional information that is not part of the basic definition of the element. To make the use of extensions safe and manageable, there is a strict set of governance  applied to the definition and use of extensions. Though any implementer can define an extension, there is a set of requirements that SHALL be met as part of the definition of the extension."/><comment value="There can be no stigma associated with the use of extensions by any application, project, or standard - regardless of the institution or jurisdiction that uses or defines the extensions.  The use of extensions is what allows the FHIR specification to retain a core level of simplicity for everyone."/><alias value="extensions"/><alias value="user content"/><min value="0"/><max value="*"/><base><path value="Element.extension"/><min value="0"/><max value="*"/></base><type><code value="Extension"/></type><isModifier value="false"/><isSummary value="false"/><mapping><identity value="rim"/><map value="n/a"/></mapping></element><element id="DeviceDefinition.specialization.modifierExtension"><path value="DeviceDefinition.specialization.modifierExtension"/><short value="Extensions that cannot be ignored even if unrecognized"/><definition value="May be used to represent additional information that is not part of the basic definition of the element and that modifies the understanding of the element in which it is contained and/or the understanding of the containing element&#39;s descendants. Usually modifier elements provide negation or qualification. To make the use of extensions safe and manageable, there is a strict set of governance applied to the definition and use of extensions. Though any implementer can define an extension, there is a set of requirements that SHALL be met as part of the definition of the extension. Applications processing a resource are required to check for modifier extensions.&#xA;&#xA;Modifier extensions SHALL NOT change the meaning of any elements on Resource or DomainResource (including cannot change the meaning of modifierExtension itself)."/><comment value="There can be no stigma associated with the use of extensions by any application, project, or standard - regardless of the institution or jurisdiction that uses or defines the extensions.  The use of extensions is what allows the FHIR specification to retain a core level of simplicity for everyone."/><requirements value="Modifier extensions allow for extensions that *cannot* be safely ignored to be clearly distinguished from the vast majority of extensions which can be safely ignored.  This promotes interoperability by eliminating the need for implementers to prohibit the presence of extensions. For further information, see the [definition of modifier extensions](http://hl7.org/fhir/extensibility.html#modifierExtension)."/><alias value="extensions"/><alias value="user content"/><alias value="modifiers"/><min value="0"/><max value="*"/><base><path value="BackboneElement.modifierExtension"/><min value="0"/><max value="*"/></base><type><code value="Extension"/></type><isModifier value="true"/><isModifierReason value="Modifier extensions are expected to modify the meaning or interpretation of the element that contains them"/><isSummary value="true"/><mapping><identity value="rim"/><map value="N/A"/></mapping></element><element id="DeviceDefinition.specialization.systemType"><path value="DeviceDefinition.specialization.systemType"/><short value="The standard that is used to operate and communicate"/><definition value="The standard that is used to operate and communicate."/><alias value="&#x3A3;"/><min value="1"/><max value="1"/><base><path value="DeviceDefinition.specialization.systemType"/><min value="1"/><max value="1"/></base><type><code value="string"/></type><isModifier value="false"/><isSummary value="false"/></element><element id="DeviceDefinition.specialization.version"><path value="DeviceDefinition.specialization.version"/><short value="The version of the standard that is used to operate and communicate"/><definition value="The version of the standard that is used to operate and communicate."/><min value="0"/><max value="1"/><base><path value="DeviceDefinition.specialization.version"/><min value="0"/><max value="1"/></base><type><code value="string"/></type><isModifier value="false"/><isSummary value="false"/><mapping><identity value="w5"/><map value="FiveWs.what[x]"/></mapping></element><element id="DeviceDefinition.version"><path value="DeviceDefinition.version"/><short value="Available versions"/><definition value="The available versions of the device, e.g., software versions."/><min value="0"/><max value="*"/><base><path value="DeviceDefinition.version"/><min value="0"/><max value="*"/></base><type><code value="string"/></type><isModifier value="false"/><isSummary value="false"/></element><element id="DeviceDefinition.safety"><path value="DeviceDefinition.safety"/><short value="Safety characteristics of the device"/><definition value="Safety characteristics of the device."/><min value="0"/><max value="*"/><base><path value="DeviceDefinition.safety"/><min value="0"/><max value="*"/></base><type><code value="CodeableConcept"/></type><isModifier value="false"/><isSummary value="true"/><binding><extension url="http://hl7.org/fhir/StructureDefinition/elementdefinition-bindingName"><valueString value="Safety"/></extension><strength value="example"/><valueSet value="http://hl7.org/fhir/ValueSet/device-safety"/></binding></element><element id="DeviceDefinition.shelfLifeStorage"><path value="DeviceDefinition.shelfLifeStorage"/><short value="Shelf Life and storage information"/><definition value="Shelf Life and storage information."/><min value="0"/><max value="*"/><base><path value="DeviceDefinition.shelfLifeStorage"/><min value="0"/><max value="*"/></base><type><code value="ProductShelfLife"/></type><isModifier value="false"/><isSummary value="false"/></element><element id="DeviceDefinition.physicalCharacteristics"><path value="DeviceDefinition.physicalCharacteristics"/><short value="Dimensions, color etc."/><definition value="Dimensions, color etc."/><min value="0"/><max value="1"/><base><path value="DeviceDefinition.physicalCharacteristics"/><min value="0"/><max value="1"/></base><type><code value="ProdCharacteristic"/></type><isModifier value="false"/><isSummary value="false"/></element><element id="DeviceDefinition.languageCode"><path value="DeviceDefinition.languageCode"/><short value="Language code for the human-readable text strings produced by the device (all supported)"/><definition value="Language code for the human-readable text strings produced by the device (all supported)."/><min value="0"/><max value="*"/><base><path value="DeviceDefinition.languageCode"/><min value="0"/><max value="*"/></base><type><code value="CodeableConcept"/></type><isModifier value="false"/><isSummary value="false"/></element><element id="DeviceDefinition.capability"><path value="DeviceDefinition.capability"/><short value="Device capabilities"/><definition value="Device capabilities."/><min value="0"/><max value="*"/><base><path value="DeviceDefinition.capability"/><min value="0"/><max value="*"/></base><type><code value="BackboneElement"/></type><constraint><key value="ele-1"/><severity value="error"/><human value="All FHIR elements must have a @value or children"/><expression value="hasValue() or (children().count() &gt; id.count())"/><xpath value="@value|f:*|h:div"/><source value="Element"/></constraint><isModifier value="false"/><isSummary value="false"/></element><element id="DeviceDefinition.capability.id"><path value="DeviceDefinition.capability.id"/><representation value="xmlAttr"/><short value="Unique id for inter-element referencing"/><definition value="Unique id for the element within a resource (for internal references). This may be any string value that does not contain spaces."/><min value="0"/><max value="1"/><base><path value="Element.id"/><min value="0"/><max value="1"/></base><type><code value="string"/></type><isModifier value="false"/><isSummary value="false"/><mapping><identity value="rim"/><map value="n/a"/></mapping></element><element id="DeviceDefinition.capability.extension"><path value="DeviceDefinition.capability.extension"/><short value="Additional content defined by implementations"/><definition value="May be used to represent additional information that is not part of the basic definition of the element. To make the use of extensions safe and manageable, there is a strict set of governance  applied to the definition and use of extensions. Though any implementer can define an extension, there is a set of requirements that SHALL be met as part of the definition of the extension."/><comment value="There can be no stigma associated with the use of extensions by any application, project, or standard - regardless of the institution or jurisdiction that uses or defines the extensions.  The use of extensions is what allows the FHIR specification to retain a core level of simplicity for everyone."/><alias value="extensions"/><alias value="user content"/><min value="0"/><max value="*"/><base><path value="Element.extension"/><min value="0"/><max value="*"/></base><type><code value="Extension"/></type><isModifier value="false"/><isSummary value="false"/><mapping><identity value="rim"/><map value="n/a"/></mapping></element><element id="DeviceDefinition.capability.modifierExtension"><path value="DeviceDefinition.capability.modifierExtension"/><short value="Extensions that cannot be ignored even if unrecognized"/><definition value="May be used to represent additional information that is not part of the basic definition of the element and that modifies the understanding of the element in which it is contained and/or the understanding of the containing element&#39;s descendants. Usually modifier elements provide negation or qualification. To make the use of extensions safe and manageable, there is a strict set of governance applied to the definition and use of extensions. Though any implementer can define an extension, there is a set of requirements that SHALL be met as part of the definition of the extension. Applications processing a resource are required to check for modifier extensions.&#xA;&#xA;Modifier extensions SHALL NOT change the meaning of any elements on Resource or DomainResource (including cannot change the meaning of modifierExtension itself)."/><comment value="There can be no stigma associated with the use of extensions by any application, project, or standard - regardless of the institution or jurisdiction that uses or defines the extensions.  The use of extensions is what allows the FHIR specification to retain a core level of simplicity for everyone."/><requirements value="Modifier extensions allow for extensions that *cannot* be safely ignored to be clearly distinguished from the vast majority of extensions which can be safely ignored.  This promotes interoperability by eliminating the need for implementers to prohibit the presence of extensions. For further information, see the [definition of modifier extensions](http://hl7.org/fhir/extensibility.html#modifierExtension)."/><alias value="extensions"/><alias value="user content"/><alias value="modifiers"/><min value="0"/><max value="*"/><base><path value="BackboneElement.modifierExtension"/><min value="0"/><max value="*"/></base><type><code value="Extension"/></type><isModifier value="true"/><isModifierReason value="Modifier extensions are expected to modify the meaning or interpretation of the element that contains them"/><isSummary value="true"/><mapping><identity value="rim"/><map value="N/A"/></mapping></element><element id="DeviceDefinition.capability.type"><path value="DeviceDefinition.capability.type"/><short value="Type of capability"/><definition value="Type of capability."/><min value="1"/><max value="1"/><base><path value="DeviceDefinition.capability.type"/><min value="1"/><max value="1"/></base><type><code value="CodeableConcept"/></type><isModifier value="false"/><isSummary value="false"/></element><element id="DeviceDefinition.capability.description"><path value="DeviceDefinition.capability.description"/><short value="Description of capability"/><definition value="Description of capability."/><min value="0"/><max value="*"/><base><path value="DeviceDefinition.capability.description"/><min value="0"/><max value="*"/></base><type><code value="CodeableConcept"/></type><isModifier value="false"/><isSummary value="false"/></element><element id="DeviceDefinition.property"><path value="DeviceDefinition.property"/><short value="The actual configuration settings of a device as it actually operates, e.g., regulation status, time properties"/><definition value="The actual configuration settings of a device as it actually operates, e.g., regulation status, time properties."/><min value="0"/><max value="*"/><base><path value="DeviceDefinition.property"/><min value="0"/><max value="*"/></base><type><code value="BackboneElement"/></type><constraint><key value="ele-1"/><severity value="error"/><human value="All FHIR elements must have a @value or children"/><expression value="hasValue() or (children().count() &gt; id.count())"/><xpath value="@value|f:*|h:div"/><source value="Element"/></constraint><isModifier value="false"/><isSummary value="false"/></element><element id="DeviceDefinition.property.id"><path value="DeviceDefinition.property.id"/><representation value="xmlAttr"/><short value="Unique id for inter-element referencing"/><definition value="Unique id for the element within a resource (for internal references). This may be any string value that does not contain spaces."/><min value="0"/><max value="1"/><base><path value="Element.id"/><min value="0"/><max value="1"/></base><type><code value="string"/></type><isModifier value="false"/><isSummary value="false"/><mapping><identity value="rim"/><map value="n/a"/></mapping></element><element id="DeviceDefinition.property.extension"><path value="DeviceDefinition.property.extension"/><short value="Additional content defined by implementations"/><definition value="May be used to represent additional information that is not part of the basic definition of the element. To make the use of extensions safe and manageable, there is a strict set of governance  applied to the definition and use of extensions. Though any implementer can define an extension, there is a set of requirements that SHALL be met as part of the definition of the extension."/><comment value="There can be no stigma associated with the use of extensions by any application, project, or standard - regardless of the institution or jurisdiction that uses or defines the extensions.  The use of extensions is what allows the FHIR specification to retain a core level of simplicity for everyone."/><alias value="extensions"/><alias value="user content"/><min value="0"/><max value="*"/><base><path value="Element.extension"/><min value="0"/><max value="*"/></base><type><code value="Extension"/></type><isModifier value="false"/><isSummary value="false"/><mapping><identity value="rim"/><map value="n/a"/></mapping></element><element id="DeviceDefinition.property.modifierExtension"><path value="DeviceDefinition.property.modifierExtension"/><short value="Extensions that cannot be ignored even if unrecognized"/><definition value="May be used to represent additional information that is not part of the basic definition of the element and that modifies the understanding of the element in which it is contained and/or the understanding of the containing element&#39;s descendants. Usually modifier elements provide negation or qualification. To make the use of extensions safe and manageable, there is a strict set of governance applied to the definition and use of extensions. Though any implementer can define an extension, there is a set of requirements that SHALL be met as part of the definition of the extension. Applications processing a resource are required to check for modifier extensions.&#xA;&#xA;Modifier extensions SHALL NOT change the meaning of any elements on Resource or DomainResource (including cannot change the meaning of modifierExtension itself)."/><comment value="There can be no stigma associated with the use of extensions by any application, project, or standard - regardless of the institution or jurisdiction that uses or defines the extensions.  The use of extensions is what allows the FHIR specification to retain a core level of simplicity for everyone."/><requirements value="Modifier extensions allow for extensions that *cannot* be safely ignored to be clearly distinguished from the vast majority of extensions which can be safely ignored.  This promotes interoperability by eliminating the need for implementers to prohibit the presence of extensions. For further information, see the [definition of modifier extensions](http://hl7.org/fhir/extensibility.html#modifierExtension)."/><alias value="extensions"/><alias value="user content"/><alias value="modifiers"/><min value="0"/><max value="*"/><base><path value="BackboneElement.modifierExtension"/><min value="0"/><max value="*"/></base><type><code value="Extension"/></type><isModifier value="true"/><isModifierReason value="Modifier extensions are expected to modify the meaning or interpretation of the element that contains them"/><isSummary value="true"/><mapping><identity value="rim"/><map value="N/A"/></mapping></element><element id="DeviceDefinition.property.type"><path value="DeviceDefinition.property.type"/><short value="Code that specifies the property DeviceDefinitionPropetyCode (Extensible)"/><definition value="Code that specifies the property DeviceDefinitionPropetyCode (Extensible)."/><min value="1"/><max value="1"/><base><path value="DeviceDefinition.property.type"/><min value="1"/><max value="1"/></base><type><code value="CodeableConcept"/></type><isModifier value="false"/><isSummary value="false"/></element><element id="DeviceDefinition.property.valueQuantity"><path value="DeviceDefinition.property.valueQuantity"/><short value="Property value as a quantity"/><definition value="Property value as a quantity."/><min value="0"/><max value="*"/><base><path value="DeviceDefinition.property.valueQuantity"/><min value="0"/><max value="*"/></base><type><code value="Quantity"/></type><isModifier value="false"/><isSummary value="false"/></element><element id="DeviceDefinition.property.valueCode"><path value="DeviceDefinition.property.valueCode"/><short value="Property value as a code, e.g., NTP4 (synced to NTP)"/><definition value="Property value as a code, e.g., NTP4 (synced to NTP)."/><min value="0"/><max value="*"/><base><path value="DeviceDefinition.property.valueCode"/><min value="0"/><max value="*"/></base><type><code value="CodeableConcept"/></type><isModifier value="false"/><isSummary value="false"/></element><element id="DeviceDefinition.owner"><path value="DeviceDefinition.owner"/><short value="Organization responsible for device"/><definition value="An organization that is responsible for the provision and ongoing maintenance of the device."/><min value="0"/><max value="1"/><base><path value="DeviceDefinition.owner"/><min value="0"/><max value="1"/></base><type><code value="Reference"/><targetProfile value="http://hl7.org/fhir/StructureDefinition/Organization"/></type><isModifier value="false"/><isSummary value="false"/><mapping><identity value="w5"/><map value="FiveWs.source"/></mapping><mapping><identity value="rim"/><map value=".playedRole[typeCode=OWN].scoper"/></mapping></element><element id="DeviceDefinition.contact"><path value="DeviceDefinition.contact"/><short value="Details for human/organization for support"/><definition value="Contact details for an organization or a particular human that is responsible for the device."/><comment value="used for troubleshooting etc."/><min value="0"/><max value="*"/><base><path value="DeviceDefinition.contact"/><min value="0"/><max value="*"/></base><type><code value="ContactPoint"/></type><isModifier value="false"/><isSummary value="false"/><mapping><identity value="w5"/><map value="FiveWs.source"/></mapping><mapping><identity value="rim"/><map value=".scopedRole[typeCode=CON].player"/></mapping></element><element id="DeviceDefinition.url"><path value="DeviceDefinition.url"/><short value="Network address to contact device"/><definition value="A network address on which the device may be contacted directly."/><comment value="If the device is running a FHIR server, the network address should  be the Base URL from which a conformance statement may be retrieved."/><min value="0"/><max value="1"/><base><path value="DeviceDefinition.url"/><min value="0"/><max value="1"/></base><type><code value="uri"/></type><isModifier value="false"/><isSummary value="false"/><mapping><identity value="w5"/><map value="FiveWs.where[x]"/></mapping><mapping><identity value="rim"/><map value=".telecom"/></mapping></element><element id="DeviceDefinition.onlineInformation"><path value="DeviceDefinition.onlineInformation"/><short value="Access to on-line information"/><definition value="Access to on-line information about the device."/><min value="0"/><max value="1"/><base><path value="DeviceDefinition.onlineInformation"/><min value="0"/><max value="1"/></base><type><code value="uri"/></type><isModifier value="false"/><isSummary value="false"/></element><element id="DeviceDefinition.note"><path value="DeviceDefinition.note"/><short value="Device notes and comments"/><definition value="Descriptive information, usage information or implantation information that is not captured in an existing element."/><min value="0"/><max value="*"/><base><path value="DeviceDefinition.note"/><min value="0"/><max value="*"/></base><type><code value="Annotation"/></type><isModifier value="false"/><isSummary value="false"/><mapping><identity value="rim"/><map value=".text"/></mapping></element><element id="DeviceDefinition.quantity"><path value="DeviceDefinition.quantity"/><short value="The quantity of the device present in the packaging (e.g. the number of devices present in a pack, or the number of devices in the same package of the medicinal product)"/><definition value="The quantity of the device present in the packaging (e.g. the number of devices present in a pack, or the number of devices in the same package of the medicinal product)."/><min value="0"/><max value="1"/><base><path value="DeviceDefinition.quantity"/><min value="0"/><max value="1"/></base><type><code value="Quantity"/></type><isModifier value="false"/><isSummary value="false"/></element><element id="DeviceDefinition.parentDevice"><path value="DeviceDefinition.parentDevice"/><short value="The parent device it can be part of"/><definition value="The parent device it can be part of."/><min value="0"/><max value="1"/><base><path value="DeviceDefinition.parentDevice"/><min value="0"/><max value="1"/></base><type><code value="Reference"/><targetProfile value="http://hl7.org/fhir/StructureDefinition/DeviceDefinition"/></type><isModifier value="false"/><isSummary value="true"/></element><element id="DeviceDefinition.material"><path value="DeviceDefinition.material"/><short value="A substance used to create the material(s) of which the device is made"/><definition value="A substance used to create the material(s) of which the device is made."/><min value="0"/><max value="*"/><base><path value="DeviceDefinition.material"/><min value="0"/><max value="*"/></base><type><code value="BackboneElement"/></type><constraint><key value="ele-1"/><severity value="error"/><human value="All FHIR elements must have a @value or children"/><expression value="hasValue() or (children().count() &gt; id.count())"/><xpath value="@value|f:*|h:div"/><source value="Element"/></constraint><isModifier value="false"/><isSummary value="false"/></element><element id="DeviceDefinition.material.id"><path value="DeviceDefinition.material.id"/><representation value="xmlAttr"/><short value="Unique id for inter-element referencing"/><definition value="Unique id for the element within a resource (for internal references). This may be any string value that does not contain spaces."/><min value="0"/><max value="1"/><base><path value="Element.id"/><min value="0"/><max value="1"/></base><type><code value="string"/></type><isModifier value="false"/><isSummary value="false"/><mapping><identity value="rim"/><map value="n/a"/></mapping></element><element id="DeviceDefinition.material.extension"><path value="DeviceDefinition.material.extension"/><short value="Additional content defined by implementations"/><definition value="May be used to represent additional information that is not part of the basic definition of the element. To make the use of extensions safe and manageable, there is a strict set of governance  applied to the definition and use of extensions. Though any implementer can define an extension, there is a set of requirements that SHALL be met as part of the definition of the extension."/><comment value="There can be no stigma associated with the use of extensions by any application, project, or standard - regardless of the institution or jurisdiction that uses or defines the extensions.  The use of extensions is what allows the FHIR specification to retain a core level of simplicity for everyone."/><alias value="extensions"/><alias value="user content"/><min value="0"/><max value="*"/><base><path value="Element.extension"/><min value="0"/><max value="*"/></base><type><code value="Extension"/></type><isModifier value="false"/><isSummary value="false"/><mapping><identity value="rim"/><map value="n/a"/></mapping></element><element id="DeviceDefinition.material.modifierExtension"><path value="DeviceDefinition.material.modifierExtension"/><short value="Extensions that cannot be ignored even if unrecognized"/><definition value="May be used to represent additional information that is not part of the basic definition of the element and that modifies the understanding of the element in which it is contained and/or the understanding of the containing element&#39;s descendants. Usually modifier elements provide negation or qualification. To make the use of extensions safe and manageable, there is a strict set of governance applied to the definition and use of extensions. Though any implementer can define an extension, there is a set of requirements that SHALL be met as part of the definition of the extension. Applications processing a resource are required to check for modifier extensions.&#xA;&#xA;Modifier extensions SHALL NOT change the meaning of any elements on Resource or DomainResource (including cannot change the meaning of modifierExtension itself)."/><comment value="There can be no stigma associated with the use of extensions by any application, project, or standard - regardless of the institution or jurisdiction that uses or defines the extensions.  The use of extensions is what allows the FHIR specification to retain a core level of simplicity for everyone."/><requirements value="Modifier extensions allow for extensions that *cannot* be safely ignored to be clearly distinguished from the vast majority of extensions which can be safely ignored.  This promotes interoperability by eliminating the need for implementers to prohibit the presence of extensions. For further information, see the [definition of modifier extensions](http://hl7.org/fhir/extensibility.html#modifierExtension)."/><alias value="extensions"/><alias value="user content"/><alias value="modifiers"/><min value="0"/><max value="*"/><base><path value="BackboneElement.modifierExtension"/><min value="0"/><max value="*"/></base><type><code value="Extension"/></type><isModifier value="true"/><isModifierReason value="Modifier extensions are expected to modify the meaning or interpretation of the element that contains them"/><isSummary value="true"/><mapping><identity value="rim"/><map value="N/A"/></mapping></element><element id="DeviceDefinition.material.substance"><path value="DeviceDefinition.material.substance"/><short value="The substance"/><definition value="The substance."/><min value="1"/><max value="1"/><base><path value="DeviceDefinition.material.substance"/><min value="1"/><max value="1"/></base><type><code value="CodeableConcept"/></type><isModifier value="false"/><isSummary value="false"/></element><element id="DeviceDefinition.material.alternate"><path value="DeviceDefinition.material.alternate"/><short value="Indicates an alternative material of the device"/><definition value="Indicates an alternative material of the device."/><min value="0"/><max value="1"/><base><path value="DeviceDefinition.material.alternate"/><min value="0"/><max value="1"/></base><type><code value="boolean"/></type><isModifier value="false"/><isSummary value="false"/></element><element id="DeviceDefinition.material.allergenicIndicator"><path value="DeviceDefinition.material.allergenicIndicator"/><short value="Whether the substance is a known or suspected allergen"/><definition value="Whether the substance is a known or suspected allergen."/><min value="0"/><max value="1"/><base><path value="DeviceDefinition.material.allergenicIndicator"/><min value="0"/><max value="1"/></base><type><code value="boolean"/></type><isModifier value="false"/><isSummary value="false"/></element></snapshot><differential><element id="DeviceDefinition"><path value="DeviceDefinition"/><definition value="This is a CRN Device Profile."/><mustSupport value="false"/><isModifier value="false"/></element><element id="DeviceDefinition.udiDeviceIdentifier"><path value="DeviceDefinition.udiDeviceIdentifier"/><min value="0"/><max value="1"/><type><code value="BackboneElement"/></type><mustSupport value="true"/><isModifier value="false"/></element><element id="DeviceDefinition.udiDeviceIdentifier.deviceIdentifier"><path value="DeviceDefinition.udiDeviceIdentifier.deviceIdentifier"/><min value="1"/><max value="1"/><type><code value="string"/></type><mustSupport value="true"/><isModifier value="false"/></element><element id="DeviceDefinition.udiDeviceIdentifier.issuer"><path value="DeviceDefinition.udiDeviceIdentifier.issuer"/><min value="1"/><max value="1"/><type><code value="uri"/></type><mustSupport value="true"/><isModifier value="false"/></element><element id="DeviceDefinition.udiDeviceIdentifier.jurisdiction"><path value="DeviceDefinition.udiDeviceIdentifier.jurisdiction"/><min value="1"/><max value="1"/><type><code value="uri"/></type><mustSupport value="true"/><isModifier value="false"/></element><element id="DeviceDefinition.manufacturerString"><path value="DeviceDefinition.manufacturerString"/><min value="1"/><max value="1"/><type><code value="string"/></type><mustSupport value="true"/><isModifier value="false"/></element><element id="DeviceDefinition.deviceName"><path value="DeviceDefinition.deviceName"/><min value="0"/><max value="1"/><type><code value="BackboneElement"/></type><mustSupport value="true"/><isModifier value="false"/></element><element id="DeviceDefinition.deviceName.name"><path value="DeviceDefinition.deviceName.name"/><min value="1"/><max value="1"/><type><code value="string"/></type><mustSupport value="true"/><isModifier value="false"/></element><element id="DeviceDefinition.deviceName.type"><path value="DeviceDefinition.deviceName.type"/><min value="1"/><max value="1"/><type><code value="code"/></type><mustSupport value="true"/><isModifier value="false"/></element><element id="DeviceDefinition.modelNumber"><path value="DeviceDefinition.modelNumber"/><min value="0"/><max value="1"/><type><code value="string"/></type><mustSupport value="true"/><isModifier value="false"/></element><element id="DeviceDefinition.type"><path value="DeviceDefinition.type"/><min value="0"/><max value="1"/><type><code value="CodeableConcept"/></type><mustSupport value="true"/><isModifier value="false"/></element></differential></StructureDefinition>