﻿{
  "openapi": "3.0.2",
  "info": {
    "description": "This resource defines the expected capabilities ",
    "license": {
      "name": "Creative Commons Zero v1.0 Universal",
      "url": "http://spdx.org/licenses/CC0-1.0.html"
    },
    "version": "0.1.0",
    "contact": {
      "name": "Health eData Inc"
    }
  },
  "externalDocs": {
    "url": "http://hl7.org/fhir/us/cdl/CapabilityStatement/server",
    "description": "FHIR CapabilityStatement"
  },
  "paths": {
    "/Basic": {
      "summary": "manage the collection of resources of type Basic",
      "description": "Access to services to manage the collection of all resources of type Basic",
      "get": {
        "summary": "Search all resources based on a set of criteria",
        "operationId": "searchBasic",
        "responses": {
          "default": {
            "description": "Error, with details",
            "content": {
              "application/fhir+json": {
                "schema": {
                  "$ref": "http://hl7.org/fhir/STU3/fhir.json.schema#/definitions/OperationOutcome"
                }
              },
              "application/fhir+xml": {
                "schema": {
                  "$ref": "http://hl7.org/fhir/STU3/OperationOutcome.xsd"
                }
              }
            }
          },
          "200": {
            "description": "the resource being returned",
            "headers": {
              "ETag": {
                "description": "Version from Resource.meta.version as a weak ETag"
              }
            },
            "content": {
              "application/fhir+json": {
                "schema": {
                  "$ref": "http://hl7.org/fhir/STU3/fhir.json.schema#/definitions/Bundle"
                }
              },
              "application/fhir+xml": {
                "schema": {
                  "$ref": "http://hl7.org/fhir/STU3/Bundle.xsd"
                }
              }
            }
          }
        },
        "parameters": [
          {
            "$ref": "#/Components/parameters/summary"
          },
          {
            "$ref": "#/Components/parameters/format"
          },
          {
            "$ref": "#/Components/parameters/pretty"
          },
          {
            "$ref": "#/Components/parameters/elements"
          }
        ]
      }
    },
    "/Basic/{rid}": {
      "summary": "Read/Write/etc resource instance of type Basic",
      "description": "Access to services to manage the state of a single resource of type Basic",
      "get": {
        "summary": "Read the current state of the resource",
        "operationId": "readBasic",
        "responses": {
          "default": {
            "description": "Error, with details",
            "content": {
              "application/fhir+json": {
                "schema": {
                  "$ref": "http://hl7.org/fhir/STU3/fhir.json.schema#/definitions/OperationOutcome"
                }
              },
              "application/fhir+xml": {
                "schema": {
                  "$ref": "http://hl7.org/fhir/STU3/OperationOutcome.xsd"
                }
              }
            }
          },
          "200": {
            "description": "the resource being returned",
            "headers": {
              "ETag": {
                "description": "Version from Resource.meta.version as a weak ETag"
              }
            },
            "content": {
              "application/fhir+json": {
                "schema": {
                  "$ref": "http://hl7.org/fhir/STU3/fhir.json.schema#/definitions/Basic"
                }
              },
              "application/fhir+xml": {
                "schema": {
                  "$ref": "http://hl7.org/fhir/STU3/Basic.xsd"
                }
              }
            }
          }
        },
        "parameters": [
          {
            "$ref": "#/Components/parameters/summary"
          },
          {
            "$ref": "#/Components/parameters/format"
          },
          {
            "$ref": "#/Components/parameters/pretty"
          },
          {
            "$ref": "#/Components/parameters/elements"
          }
        ]
      }
    },
    "/Basic/{rid}/_history/{hid}": {
      "summary": "Read past versions of resource instance of type Basic",
      "description": "Access to previous versions of a single resource of type Basic",
      "get": {
        "summary": "Read a past state of the resource",
        "operationId": "vreadBasic",
        "responses": {
          "default": {
            "description": "Error, with details",
            "content": {
              "application/fhir+json": {
                "schema": {
                  "$ref": "http://hl7.org/fhir/STU3/fhir.json.schema#/definitions/OperationOutcome"
                }
              },
              "application/fhir+xml": {
                "schema": {
                  "$ref": "http://hl7.org/fhir/STU3/OperationOutcome.xsd"
                }
              }
            }
          },
          "200": {
            "description": "the resource being returned",
            "headers": {
              "ETag": {
                "description": "Version from Resource.meta.version as a weak ETag for that version"
              }
            },
            "content": {
              "application/fhir+json": {
                "schema": {
                  "$ref": "http://hl7.org/fhir/STU3/fhir.json.schema#/definitions/Basic"
                }
              },
              "application/fhir+xml": {
                "schema": {
                  "$ref": "http://hl7.org/fhir/STU3/Basic.xsd"
                }
              }
            }
          }
        },
        "parameters": [
          {
            "$ref": "#/Components/parameters/summary"
          },
          {
            "$ref": "#/Components/parameters/format"
          },
          {
            "$ref": "#/Components/parameters/pretty"
          },
          {
            "$ref": "#/Components/parameters/elements"
          }
        ]
      }
    }
  },
  "components": {
    "parameters": {
      "summary": {
        "summary": {
          "name": "_summary",
          "in": "query",
          "description": "Requests the server to return a designated subset of the resource",
          "allowEmptyValue": true,
          "style": "matrix",
          "schema": {
            "type": "string",
            "enum": [
              "true",
              "text",
              "data",
              "count",
              "false"
            ]
          }
        }
      },
      "format": {
        "format": {
          "name": "_format",
          "in": "query",
          "description": "Specify alternative response formats by their MIME-types (when a client is unable acccess accept: header)",
          "allowEmptyValue": true,
          "style": "matrix",
          "schema": {
            "type": "string",
            "format": "mime-type"
          }
        }
      },
      "pretty": {
        "pretty": {
          "name": "_pretty",
          "in": "query",
          "description": "Ask for a pretty printed response for human convenience",
          "allowEmptyValue": true,
          "style": "matrix",
          "schema": {
            "type": "boolean"
          }
        }
      },
      "elements": {
        "elements": {
          "name": "_elements",
          "in": "query",
          "description": "Requests the server to return a collection of elements from the resource",
          "allowEmptyValue": true,
          "style": "matrix",
          "explode": false,
          "schema": {
            "type": "array",
            "format": "string"
          }
        }
      }
    }
  }
}